ID;Label;First_Date;Last_Date;Cat
May 36;May 36;17.07.1991;17.07.1991;Organization
May 98;May 98;17.05.1998;17.05.1998;Organization
May 15;May 15;17.01.1998;17.01.1998;Organization
1 May;1 May;23.01.1989;17.03.1992;Organization
1st of May Group;1st of May Group;27.10.1970;1.10.1971;Organization
2 April Group;2 April Group;15.03.1983;16.03.1983;Organization
28 May Armenian Organization;28 May Armenian Organization;29.05.1977;29.05.1977;Organization
2nd of June Movement;2nd of June Movement;29.11.1971;4.08.1981;Organization
4 August National Organization;4 August National Organization;15.03.1982;15.03.1982;Organization
7 April Libyan Organization;7 April Libyan Organization;7.10.1985;7.10.1985;Organization
Abu Nidal Organization (ANO);Abu Nidal Organization (ANO);3.08.1978;27.12.1985;Organization
Actiefront Nationalistisch Nederland;Actiefront Nationalistisch Nederland;4.01.1992;21.01.1992;Organization
Action Cell Haukur Hilmarsson;Action Cell Haukur Hilmarsson;12.03.2018;12.03.2018;Organization
Action Directe;Action Directe;18.03.1980;7.10.1989;Organization
Action Directe Anarchiste (ADA);Action Directe Anarchiste (ADA);2.05.2020;2.05.2020;Organization
Action Front for the Liberation of the Baltic Countries;Action Front for the Liberation of the Baltic Countries;12.04.1977;12.04.1977;Organization
Action Front Nationalist Librium;Action Front Nationalist Librium;5.03.1992;5.03.1992;Organization
Action Group for Communism;Action Group for Communism;9.06.1978;9.06.1978;Organization
Action Group for the Destruction of the Police State;Action Group for the Destruction of the Police State;12.10.1991;12.10.1991;Organization
Action Squad;Action Squad;26.01.1980;26.01.1980;Organization
Action Struggle Against the World;Action Struggle Against the World;8.04.1985;8.04.1985;Organization
Afghan Revolutionary Front;Afghan Revolutionary Front;16.12.2008;16.12.2008;Organization
African National Congress (South Africa);African National Congress (South Africa);30.03.1988;30.03.1988;Organization
Al-Borkan Liberation Organization;Al-Borkan Liberation Organization;21.01.1984;12.09.1984;Organization
Alde Hemendik Movement;Alde Hemendik Movement;15.10.2016;15.10.2016;Organization
Alexandros Grigoropoulos Anarchist Attack Group;Alexandros Grigoropoulos Anarchist Attack Group;3.06.2009;3.06.2009;Organization
Al-Fatah;Al-Fatah;27.07.1980;27.07.1980;Organization
Alliance of Revolutionary Cuban Organizations;Alliance of Revolutionary Cuban Organizations;22.12.1980;22.12.1980;Organization
Al-Mahdi in Southern Tunisia;Al-Mahdi in Southern Tunisia;29.10.2020;29.10.2020;Organization
Al-Qaida;Al-Qaida;11.09.2001;9.07.2008;Organization
Al-Qaida in Iraq;Al-Qaida in Iraq;30.06.2007;30.06.2007;Organization
Al-Qaida in the Arabian Peninsula (AQAP);Al-Qaida in the Arabian Peninsula (AQAP);25.12.2009;6.12.2019;Organization
American Indian Movement;American Indian Movement;27.02.1973;13.10.1975;Organization
American Servicemen's Union (ASU);American Servicemen's Union (ASU);26.07.1970;26.07.1970;Organization
Americans for a Competent Federal Judicial System;Americans for a Competent Federal Judicial System;21.08.1989;19.12.1989;Organization
Americans for Justice;Americans for Justice;7.03.1974;9.03.1974;Organization
Anarchio Scene;Anarchio Scene;1.08.1984;1.08.1984;Organization
Anarchist Action (CA / United States);Anarchist Action (CA / United States);12.12.2009;12.12.2009;Organization
Anarchist Anti-Capitalist Action Group;Anarchist Anti-Capitalist Action Group;6.11.2014;6.11.2014;Organization
Anarchist Attack Consortium;Anarchist Attack Consortium;10.12.2014;10.12.2014;Organization
Anarchist Cell Acca (C.A.A.);Anarchist Cell Acca (C.A.A.);18.12.2015;18.12.2015;Organization
Anarchist Collective of Kallithea-Moschato;Anarchist Collective of Kallithea-Moschato;17.10.2017;17.10.2017;Organization
Anarchist Commando Nestor Makhno Group;Anarchist Commando Nestor Makhno Group;19.01.2015;19.01.2015;Organization
Anarchist Faction for Subversion;Anarchist Faction for Subversion;3.01.2000;3.01.2000;Organization
Anarchist Liberation Brigade;Anarchist Liberation Brigade;23.07.2001;23.07.2001;Organization
Anarchist Night Raid Teams;Anarchist Night Raid Teams;20.01.2020;23.01.2020;Organization
Anarchist Revolt Against Exiled Gendarmes;Anarchist Revolt Against Exiled Gendarmes;19.09.2017;19.09.2017;Organization
Anarchist Solidarity;Anarchist Solidarity;6.12.1989;6.12.1989;Organization
Anarchist Squad;Anarchist Squad;23.07.2001;23.07.2001;Organization
Anarchist Struggle;Anarchist Struggle;25.08.2000;25.08.2000;Organization
Anarchists Attack Team;Anarchists Attack Team;25.12.2000;25.12.2000;Organization
Angry Brigade (Italy);Angry Brigade (Italy);26.10.1999;27.10.1999;Organization
Angry Foxes Cell;Angry Foxes Cell;27.08.2013;27.08.2013;Organization
Animal Defense League;Animal Defense League;17.08.1988;17.08.1988;Organization
Animal Liberation Front (ALF);Animal Liberation Front (ALF);15.12.1984;2.12.2015;Organization
Animal Rights Militia;Animal Rights Militia;30.11.1982;12.12.2010;Organization
Anonima Sequestri;Anonima Sequestri;19.02.1997;19.02.1997;Organization
Anonymous Underground Movement (MCA);Anonymous Underground Movement (MCA);12.09.2004;12.09.2004;Organization
Anti-American Arab Liberation Front;Anti-American Arab Liberation Front;5.04.1986;5.04.1986;Organization
Anti-Armenian Organization;Anti-Armenian Organization;3.05.1984;3.05.1984;Organization
Anti-Capitalist Action;Anti-Capitalist Action;7.11.1999;7.11.1999;Organization
Anti-Capitalist Brigades;Anti-Capitalist Brigades;13.12.1988;13.12.1988;Organization
Anti-Capitalist Commando;Anti-Capitalist Commando;20.10.1988;20.10.1988;Organization
Anti-Castro Command;Anti-Castro Command;23.12.1977;23.12.1977;Organization
Anti-Clerical Pro-Sex Toys Group;Anti-Clerical Pro-Sex Toys Group;19.04.2013;19.04.2013;Organization
Anti-Communist Viets Organization;Anti-Communist Viets Organization;21.07.1981;21.07.1981;Organization
Anti-Democratic Struggle;Anti-Democratic Struggle;18.04.2008;18.04.2008;Organization
Anti-Establishment Nucleus;Anti-Establishment Nucleus;5.08.1995;10.08.1995;Organization
Anti-Fascist Action;Anti-Fascist Action;12.05.1994;12.05.1994;Organization
Anti-Fascist Spring Bremen;Anti-Fascist Spring Bremen;7.01.2019;7.01.2019;Organization
Anti-Fascist Territorial Group;Anti-Fascist Territorial Group;11.03.1980;22.02.1981;Organization
Anti-Gentrification Front;Anti-Gentrification Front;15.05.2013;15.05.2013;Organization
Anti-Imperialist Cell (AIZ);Anti-Imperialist Cell (AIZ);22.01.1995;17.09.1995;Organization
Anti-Imperialist Fighters for a Free Palestine;Anti-Imperialist Fighters for a Free Palestine;19.01.1978;19.01.1978;Organization
Anti-Imperialist International Brigades;Anti-Imperialist International Brigades;9.06.1987;9.06.1987;Organization
Anti-Imperialist Territorial Nuclei (NTA);Anti-Imperialist Territorial Nuclei (NTA);13.04.2001;24.03.2003;Organization
Anti-Imperialistic Communist Revolutionaries;Anti-Imperialistic Communist Revolutionaries;26.02.1978;13.04.1978;Organization
Anti-Nuclear Society for a Silent Counter-Offensive (ANGST);Anti-Nuclear Society for a Silent Counter-Offensive (ANGST);2.01.1996;2.01.1996;Organization
Anti-Racist Guerrilla Nuclei;Anti-Racist Guerrilla Nuclei;20.04.1999;20.04.1999;Organization
Anti-State Action;Anti-State Action;4.11.1999;10.11.1999;Organization
Anti-State Justice;Anti-State Justice;3.01.2006;23.01.2006;Organization
Anti-State Proletarian Nuclei;Anti-State Proletarian Nuclei;11.07.1999;11.07.1999;Organization
Anti-Terrorism ETA (ATE);Anti-Terrorism ETA (ATE);1.06.1975;18.11.1975;Organization
Anti-Terrorist Liberation Group (GAL);Anti-Terrorist Liberation Group (GAL);4.12.1983;15.12.1989;Organization
Anti-Zionist Commandos;Anti-Zionist Commandos;25.09.1976;25.09.1976;Organization
Anti-Zionist Movement;Anti-Zionist Movement;22.11.1999;26.11.1999;Organization
Antonia Martinez Student Commandos (AMSC);Antonia Martinez Student Commandos (AMSC);21.02.1982;21.02.1982;Organization
Apella;Apella;29.08.2017;29.08.2017;Organization
Arab Liberation Army;Arab Liberation Army;17.05.1980;17.05.1980;Organization
Arab Liberation Front (ALF);Arab Liberation Front (ALF);30.04.1980;30.04.1980;Organization
Arab Revolutionary Army;Arab Revolutionary Army;1.01.1978;15.02.1978;Organization
Arab Revolutionary Cells;Arab Revolutionary Cells;2.04.1986;2.04.1986;Organization
Arab Revolutionary Front;Arab Revolutionary Front;26.04.1986;26.04.1986;Organization
Arabian Peninsula Freemen;Arabian Peninsula Freemen;20.06.1989;20.06.1989;Organization
Argentine Anticommunist Alliance (AAA);Argentine Anticommunist Alliance (AAA);2.07.1978;2.07.1978;Organization
Arm na Poblachta' (Army of the Republic);Arm na Poblachta' (Army of the Republic);1.11.2017;13.02.2018;Organization
Armata Corsa;Armata Corsa;17.08.2000;22.03.2001;Organization
Armata di Liberazione Naziunale (ALN);Armata di Liberazione Naziunale (ALN);18.09.1999;27.09.1999;Organization
Armed Anti-Imperialist Movement;Armed Anti-Imperialist Movement;3.12.1978;3.12.1978;Organization
Armed Brigades;Armed Brigades;6.06.1977;6.06.1977;Organization
Armed Commandos for Liberation;Armed Commandos for Liberation;1.09.1986;1.09.1986;Organization
Armed Commandos in the Fighting Army of Mario Zichieri;Armed Commandos in the Fighting Army of Mario Zichieri;8.12.1977;8.12.1977;Organization
Armed Commandos of Liberation;Armed Commandos of Liberation;9.01.1970;19.04.1971;Organization
Armed Commandos of Student Self Defense;Armed Commandos of Student Self Defense;26.11.1982;26.11.1982;Organization
Armed Communist Commando;Armed Communist Commando;19.10.1977;19.10.1977;Organization
Armed Communist Formations;Armed Communist Formations;14.04.1976;27.07.1978;Organization
Armed Communist Front;Armed Communist Front;16.04.1986;16.04.1986;Organization
Armed Communist Nucleus;Armed Communist Nucleus;29.06.1977;6.07.1977;Organization
Armed Communist Struggle;Armed Communist Struggle;23.03.1976;1.09.1977;Organization
Armed Falange;Armed Falange;30.04.1991;5.01.1992;Organization
Armed Fight for Communism;Armed Fight for Communism;10.12.1977;10.12.1977;Organization
Armed Fight for Workers Power;Armed Fight for Workers Power;12.03.1978;12.03.1978;Organization
Armed Fighting Nucleus For Communism;Armed Fighting Nucleus For Communism;15.10.1977;15.10.1977;Organization
Armed Forces of Popular Resistance (FARP);Armed Forces of Popular Resistance (FARP);2.10.1979;10.06.1982;Organization
Armed Group for the Defence of the People;Armed Group for the Defence of the People;27.05.2013;27.05.2013;Organization
Armed Groups of Organised Proletariat;Armed Groups of Organised Proletariat;1.05.1980;1.05.1980;Organization
Armed Islamic Group (GIA);Armed Islamic Group (GIA);17.01.1995;3.12.1996;Organization
Armed Nuclei for Communism;Armed Nuclei for Communism;16.03.1978;26.04.1978;Organization
Armed Nuclei for Territorial Counterpower;Armed Nuclei for Territorial Counterpower;7.01.1978;2.03.1978;Organization
Armed Nucleus for Popular Autonomy;Armed Nucleus for Popular Autonomy;8.10.1975;23.01.1978;Organization
Armed Nucleus of Communist Workers;Armed Nucleus of Communist Workers;2.12.1977;2.12.1977;Organization
Armed People's Units;Armed People's Units;23.08.1989;23.08.1989;Organization
Armed Proletarian Formations;Armed Proletarian Formations;15.05.1978;15.05.1978;Organization
Armed Proletarian Group;Armed Proletarian Group;10.03.1978;10.03.1978;Organization
Armed Proletarian Groups for Communism;Armed Proletarian Groups for Communism;4.08.1977;24.10.1978;Organization
Armed Proletarian Nuclei (NAP);Armed Proletarian Nuclei (NAP);28.09.1973;15.04.1978;Organization
Armed Proletarian Patrols;Armed Proletarian Patrols;4.12.1977;4.12.1977;Organization
Armed Proletarian Power;Armed Proletarian Power;1.01.1977;28.01.1983;Organization
Armed Proletarian Squads;Armed Proletarian Squads;18.02.1978;18.05.1979;Organization
Armed Proletariat Fighting Squad;Armed Proletariat Fighting Squad;1.02.1979;1.02.1979;Organization
Armed Radical Groups for Communism;Armed Radical Groups for Communism;12.07.1977;12.07.1977;Organization
Armed Revolutionary Action (ENEDRA);Armed Revolutionary Action (ENEDRA);3.03.2008;5.06.2009;Organization
Armed Revolutionary Forces;Armed Revolutionary Forces;26.02.2018;26.02.2018;Organization
Armed Revolutionary Groups;Armed Revolutionary Groups;30.12.1977;30.12.1977;Organization
Armed Revolutionary Independence Movement (MIRA);Armed Revolutionary Independence Movement (MIRA);6.02.1970;15.02.1973;Organization
Armed Revolutionary Nuclei (NAR);Armed Revolutionary Nuclei (NAR);4.01.1978;14.08.1988;Organization
Armed Squads for Communism;Armed Squads for Communism;18.02.1977;26.04.1979;Organization
Armed Struggle for Communism;Armed Struggle for Communism;10.02.1977;11.10.1977;Organization
Armed Struggle for Proletarian Power;Armed Struggle for Proletarian Power;18.10.1977;18.10.1977;Organization
Armed Womens Nuclei;Armed Womens Nuclei;8.03.1978;8.03.1978;Organization
Armed Workers Nuclei;Armed Workers Nuclei;7.03.1978;7.03.1978;Organization
Armed Workers Squads;Armed Workers Squads;2.12.1977;26.04.1978;Organization
Armenian Organization for Armed Struggle;Armenian Organization for Armed Struggle;3.10.1980;3.10.1980;Organization
Armenian Red Army;Armenian Red Army;21.07.1982;21.07.1982;Organization
Armenian Revolutionary Army;Armenian Revolutionary Army;12.03.1985;12.03.1985;Organization
Armenian Secret Army for the Liberation of Armenia;Armenian Secret Army for the Liberation of Armenia;1.01.1976;21.06.1997;Organization
Army for Freeing Scotland;Army for Freeing Scotland;12.09.1975;23.09.1975;Organization
Army of God;Army of God;29.05.1982;23.10.1998;Organization
Arsonists for Social Cohesion;Arsonists for Social Cohesion;27.07.1998;27.07.1998;Organization
Arya;Arya;24.01.1977;24.01.1977;Organization
Aryan Brotherhood;Aryan Brotherhood;20.02.1978;25.02.1978;Organization
Aryan Nation;Aryan Nation;29.09.1986;10.08.1999;Organization
Aryan Republican Army;Aryan Republican Army;25.01.1994;19.12.1995;Organization
Association Totalement Anti-Guerre (ATAG);Association Totalement Anti-Guerre (ATAG);10.10.2001;10.10.2001;Organization
Athens and Thessaloniki Arsonist Nuclei;Athens and Thessaloniki Arsonist Nuclei;8.06.2007;8.06.2007;Organization
Attack Teams for the Dissolution of the Nation (Greece);Attack Teams for the Dissolution of the Nation (Greece);2.07.2009;4.07.2009;Organization
Autonomen;Autonomen;2.11.1987;26.10.1991;Organization
Autonomous Anti-Capitalist Commandos (CAA);Autonomous Anti-Capitalist Commandos (CAA);21.02.1983;9.07.1985;Organization
Autonomous Decorators;Autonomous Decorators;2.01.2000;2.01.2000;Organization
Autonomous Group for Armed Action;Autonomous Group for Armed Action;16.09.1979;16.09.1979;Organization
Autonomous Intervention Collective Against the Zionist Presence in France;Autonomous Intervention Collective Against the Zionist Presence in France;27.03.1979;27.03.1979;Organization
Autonomous Resistance;Autonomous Resistance;9.02.1981;23.02.1983;Organization
Autonomous Revolutionary Brigade;Autonomous Revolutionary Brigade;1.02.1980;1.02.1980;Organization
Autonomy (Greece);Autonomy (Greece);21.10.1982;21.10.1982;Organization
Autonomy (Italy);Autonomy (Italy);26.01.1980;26.01.1980;Organization
Autonomy Front;Autonomy Front;1.01.1983;10.02.1983;Organization
Avengers of Peiper Group;Avengers of Peiper Group;18.08.1977;18.08.1977;Organization
Baader-Meinhof Group;Baader-Meinhof Group;9.11.1970;5.09.1977;Organization
Babbar Khalsa International (BKI);Babbar Khalsa International (BKI);30.09.2012;30.09.2012;Organization
Baby Liberation Army;Baby Liberation Army;11.07.2000;11.07.2000;Organization
Bahoz;Bahoz;4.11.2016;4.11.2016;Organization
Bande des Rats (the rat pack) Ukranian Group;Bande des Rats (the rat pack) Ukranian Group;24.11.1981;24.11.1981;Organization
Basque Fatherland and Freedom (ETA);Basque Fatherland and Freedom (ETA);16.09.1975;9.04.2011;Organization
Basque Justice;Basque Justice;2.07.1979;2.07.1979;Organization
Basque Rectitudes;Basque Rectitudes;1.01.1977;23.11.1977;Organization
Basque Refugee Support Group;Basque Refugee Support Group;25.08.1984;25.08.1984;Organization
Bastards & Blasphems;Bastards & Blasphems;1.04.2018;1.04.2018;Organization
Bavarian Liberation Army;Bavarian Liberation Army;9.06.1995;13.06.1995;Organization
BAY Bombers;BAY Bombers;4.02.1971;4.02.1971;Organization
Begumcans Cell;Begumcans Cell;25.01.1978;25.01.1978;Organization
Belgium;Belgium;1.01.1970;10.12.2020;Country
Black Afro Militant Movement;Black Afro Militant Movement;5.05.1970;20.02.1971;Organization
Black and Red Anarchist and Anti-Authoritarians Initiative (Greece);Black and Red Anarchist and Anti-Authoritarians Initiative (Greece);18.12.2009;18.12.2009;Organization
Black Brigade (United States);Black Brigade (United States);20.08.1981;20.08.1981;Organization
Black Cells;Black Cells;19.03.1971;20.12.1976;Organization
Black December;Black December;20.02.1973;20.02.1973;Organization
Black Friday;Black Friday;21.07.1988;21.07.1988;Organization
Black Lebanon;Black Lebanon;18.09.1982;9.10.1982;Organization
Black Liberation Army;Black Liberation Army;22.10.1970;28.03.1984;Organization
Black Liberation Front;Black Liberation Front;19.12.1988;19.12.1988;Organization
Black March;Black March;16.04.1979;16.04.1979;Organization
Black Masked Winners (BMW);Black Masked Winners (BMW);14.07.2017;14.07.2017;Organization
Black Order;Black Order;28.05.1974;9.08.1983;Organization
Black Panthers;Black Panthers;22.03.1970;26.10.1972;Organization
Black Revolutionary Assault Team;Black Revolutionary Assault Team;12.04.1971;20.09.1971;Organization
Black September;Black September;15.12.1971;17.12.1973;Organization
Black September II;Black September II;21.03.1985;18.09.1985;Organization
Black Star;Black Star;16.08.2000;7.09.2000;Organization
Black War;Black War;22.06.1986;19.02.1988;Organization
Blue Archer Group;Blue Archer Group;2.08.1981;2.08.1981;Organization
Boogaloo movement;Boogaloo movement;11.04.2020;6.06.2020;Organization
Borderless Solidarity Cell (BSC);Borderless Solidarity Cell (BSC);21.06.2013;21.06.2013;Organization
Boricua Revolutionary Front;Boricua Revolutionary Front;10.12.1992;10.12.1992;Organization
Boz-Ok (Grey Arrow);Boz-Ok (Grey Arrow);21.09.1992;21.09.1992;Organization
Breton Liberation Front (FLB);Breton Liberation Front (FLB);14.02.1974;13.06.2014;Organization
Bulgaria;Bulgaria;1.01.1970;10.12.2020;Country
BZers;BZers;2.04.1992;2.04.1992;Organization
Canada;Canada;1.01.1970;10.12.2020;Country
Carribbean Revolutionary Independence Army;Carribbean Revolutionary Independence Army;23.02.1985;23.02.1985;Organization
CasaPound;CasaPound;21.09.2018;21.09.2018;Organization
Catholic Reaction Force;Catholic Reaction Force;20.11.1983;20.08.2001;Organization
CCCCC;CCCCC;1.12.2002;16.12.2002;Organization
Cells for Solidarity Against Authority;Cells for Solidarity Against Authority;21.09.1989;21.09.1989;Organization
Cells of Direct Attack - Living Waste Group;Cells of Direct Attack - Living Waste Group;27.02.2017;27.02.2017;Organization
Cellula Haris Hatzimihelakis/Internazionale nera;Cellula Haris Hatzimihelakis/Internazionale nera;16.08.2018;16.08.2018;Organization
Chaotic Harmony;Chaotic Harmony;14.05.2019;14.05.2019;Organization
Charles Martel Group;Charles Martel Group;10.04.1975;20.12.1981;Organization
Che Guevara Brigade;Che Guevara Brigade;23.07.1976;11.09.1977;Organization
Chicano Liberation Front;Chicano Liberation Front;17.03.1970;10.03.1975;Organization
Children of November;Children of November;17.11.1996;11.01.1999;Organization
Christian Liberation Army;Christian Liberation Army;14.02.1991;23.02.1991;Organization
Citizens for Constitutional Freedom;Citizens for Constitutional Freedom;2.01.2016;2.01.2016;Organization
Civil Protection Units (YPS);Civil Protection Units (YPS);22.03.2016;19.05.2016;Organization
Clandestini Corsi;Clandestini Corsi;25.11.1999;25.11.1999;Organization
Coalition to Save the Preserves (CSP);Coalition to Save the Preserves (CSP);9.04.2000;12.06.2001;Organization
Column 88;Column 88;1.04.1978;4.07.1978;Organization
Combat Brigades;Combat Brigades;12.03.1977;12.03.1977;Organization
Combat Nucleus of Communist Unity;Combat Nucleus of Communist Unity;14.11.1977;14.11.1977;Organization
Combat Territory Groups;Combat Territory Groups;12.05.1976;12.05.1976;Organization
Combatant Communist Front;Combatant Communist Front;18.12.1978;18.12.1978;Organization
Combatant Nucleus for Communism;Combatant Nucleus for Communism;15.12.1978;15.12.1978;Organization
Combatent Communists;Combatent Communists;7.07.1977;7.07.1977;Organization
Comite d'Action Viticole;Comite d'Action Viticole;20.03.1999;14.03.2017;Organization
Comite de Liberation et de Detournements d'Ordinateurs (Committee for the liberation and hijacking of computers);Comite de Liberation et de Detournements d'Ordinateurs (Committee for the liberation and hijacking of computers);26.10.1983;26.10.1983;Organization
Commando 15th October;Commando 15th October;19.12.1979;19.12.1979;Organization
Commando 27 September;Commando 27 September;8.10.1975;8.10.1975;Organization
Commando Heinz Neumann;Commando Heinz Neumann;1.06.1976;1.06.1976;Organization
Commandos Against Self Destruction of the Universe;Commandos Against Self Destruction of the Universe;13.11.1976;13.11.1976;Organization
Commandos for the Defense of Western Civilization;Commandos for the Defense of Western Civilization;18.03.1978;18.03.1978;Organization
Commandos of France;Commandos of France;12.06.1986;12.06.1986;Organization
Committee for Direct Action Against War;Committee for Direct Action Against War;16.01.1991;16.01.1991;Organization
Committee for the Defense of Italian Workers in France;Committee for the Defense of Italian Workers in France;13.04.1977;13.04.1977;Organization
Committee for the Safeguard of the Islamic Revolution;Committee for the Safeguard of the Islamic Revolution;7.08.1980;7.08.1980;Organization
Committee of action against bull fights;Committee of action against bull fights;28.12.1977;28.12.1977;Organization
Committee of Solidarity with Arab and Middle East Political Prisoners (CSPPA);Committee of Solidarity with Arab and Middle East Political Prisoners (CSPPA);3.02.1986;15.09.1986;Organization
Communist Anti-Imperialistic Revolutionaries;Communist Anti-Imperialistic Revolutionaries;26.04.1978;26.04.1978;Organization
Communist Anti-Nuclear Front;Communist Anti-Nuclear Front;29.06.1980;29.06.1980;Organization
Communist Armed Nucleus;Communist Armed Nucleus;20.10.1977;20.10.1977;Organization
Communist Attack Brigades;Communist Attack Brigades;13.11.1978;13.11.1978;Organization
Communist Attack Units;Communist Attack Units;16.04.1980;16.04.1980;Organization
Communist Brigade Dante Dimani;Communist Brigade Dante Dimani;8.12.1976;8.12.1976;Organization
Communist Brigades;Communist Brigades;12.02.1977;12.02.1977;Organization
Communist Combat Unit;Communist Combat Unit;14.06.1976;24.02.1977;Organization
Communist Combattant Cells (CCC) (Belgium);Communist Combattant Cells (CCC) (Belgium);2.10.1984;6.12.1985;Organization
Communist Fighters Association;Communist Fighters Association;16.02.1978;16.02.1978;Organization
Communist Fighters Group;Communist Fighters Group;2.06.1977;2.06.1977;Organization
Communist Fighting Corunim- Maria Anna Maria;Communist Fighting Corunim- Maria Anna Maria;11.12.1977;11.12.1977;Organization
Communist Fighting Detachments;Communist Fighting Detachments;1.03.1978;1.03.1978;Organization
Communist Fighting Front;Communist Fighting Front;26.09.1979;26.09.1979;Organization
Communist Fighting Nuclei;Communist Fighting Nuclei;8.07.1977;17.07.1977;Organization
Communist Fighting Unit;Communist Fighting Unit;29.11.1976;31.12.1980;Organization
Communist Front for Counterpower;Communist Front for Counterpower;18.07.1982;18.07.1982;Organization
Communist Group of Proletarian Internationalism;Communist Group of Proletarian Internationalism;23.10.1981;23.10.1981;Organization
Communist Guerilla Nuclei;Communist Guerilla Nuclei;31.03.1991;31.03.1991;Organization
Communist Nuclear;Communist Nuclear;18.09.1981;18.09.1981;Organization
Communist Nuclei of Counter Power;Communist Nuclei of Counter Power;14.05.1979;14.05.1979;Organization
Communist Patrols for Counter Power;Communist Patrols for Counter Power;4.04.1980;4.04.1980;Organization
Communist Progress;Communist Progress;16.06.1977;16.06.1977;Organization
Communist Territorial Nuclei;Communist Territorial Nuclei;21.04.1979;10.03.1980;Organization
Communist Territorial Unit;Communist Territorial Unit;20.02.1979;20.02.1979;Organization
Communist Warrior's Union;Communist Warrior's Union;30.10.1990;30.10.1990;Organization
Communists Fighting Imperialism and Armaments;Communists Fighting Imperialism and Armaments;27.07.1984;27.07.1984;Organization
Comrades in Arms;Comrades in Arms;20.12.1971;20.12.1971;Organization
Comrades Organized in Partisan Nuclei;Comrades Organized in Partisan Nuclei;3.06.1980;3.06.1980;Organization
Condor;Condor;28.03.1977;28.03.1977;Organization
Confederation of Iranian Students/National Union (CISNU);Confederation of Iranian Students/National Union (CISNU);9.12.1977;9.12.1977;Organization
Conscientious Arsonists (CA);Conscientious Arsonists (CA);25.01.1998;5.05.1998;Organization
Conspiracy of Cells of Fire;Conspiracy of Cells of Fire;21.02.2008;13.11.2018;Organization
Conspiracy of Vengeful Arsonists;Conspiracy of Vengeful Arsonists;28.02.2017;28.02.2017;Organization
Continental Revolutionary Army;Continental Revolutionary Army;3.02.1975;23.12.1975;Organization
Continuing Struggle;Continuing Struggle;21.12.1989;21.12.1989;Organization
Continuity Irish Republican Army (CIRA);Continuity Irish Republican Army (CIRA);14.07.1996;4.02.2020;Organization
Continuous Struggle;Continuous Struggle;26.04.1976;26.04.1976;Organization
Coordination for Revolutionary Action (CAR);Coordination for Revolutionary Action (CAR);2.05.1979;2.05.1979;Organization
Coordination of the United Revolutionary Organization (CORU);Coordination of the United Revolutionary Organization (CORU);29.12.1977;26.02.1978;Organization
Corsican Farmers' Front;Corsican Farmers' Front;14.07.1994;14.07.1994;Organization
Corsican National Liberation Front (FLNC);Corsican National Liberation Front (FLNC);22.03.1974;14.07.2020;Organization
Corsican National Liberation Front- Historic Channel;Corsican National Liberation Front- Historic Channel;3.01.1991;10.04.1999;Organization
Corsican Revolutionary Brigade;Corsican Revolutionary Brigade;4.01.1983;4.01.1983;Organization
Council for the Destruction of Order;Council for the Destruction of Order;23.10.2009;23.10.2009;Organization
Covenant, Sword and the Arm of the Lord (CSA);Covenant, Sword and the Arm of the Lord (CSA);9.08.1983;11.11.1983;Organization
Crazy Brabant Killers;Crazy Brabant Killers;9.11.1985;9.11.1985;Organization
Croatian Freedom Fighters;Croatian Freedom Fighters;10.09.1976;4.06.1980;Organization
Croatian Liberation Army;Croatian Liberation Army;17.12.1980;17.12.1980;Organization
Croatian Revolutionary Cell-Bruno Busic Dept;Croatian Revolutionary Cell-Bruno Busic Dept;7.11.1981;7.11.1981;Organization
Crypteia;Crypteia;3.11.2017;22.03.2018;Organization
Cuban Action;Cuban Action;16.05.1970;18.07.1975;Organization
Cuban C-4 Movement;Cuban C-4 Movement;9.11.1974;9.11.1974;Organization
Cuban Secret Army;Cuban Secret Army;30.09.1976;30.09.1976;Organization
Cuncolta Naziunalista;Cuncolta Naziunalista;31.08.1995;31.08.1995;Organization
Czech Republic;Czech Republic;1.01.1970;10.12.2020;Country
Dark Harvest;Dark Harvest;10.10.1981;14.10.1981;Organization
Delta Group;Delta Group;2.12.1977;5.05.1978;Organization
Democratic Front for the Liberation of Palestine (DFLP);Democratic Front for the Liberation of Palestine (DFLP);3.08.1974;25.08.1974;Organization
Democratic Iraqi Opposition of Germany;Democratic Iraqi Opposition of Germany;20.08.2002;20.08.2002;Organization
Deniers of Holidays;Deniers of Holidays;23.07.2009;23.07.2009;Organization
Denmark;Denmark;1.01.1970;10.12.2020;Country
Detonators of Social Uprisings;Detonators of Social Uprisings;4.07.2013;4.07.2013;Organization
Dev Genc;Dev Genc;20.02.1990;20.02.1990;Organization
Dev Sol;Dev Sol;24.07.1979;22.06.1996;Organization
Dev Yol;Dev Yol;11.09.1980;29.04.1982;Organization
Devrimici Halk Kurtulus Cephesi (DHKP/C);Devrimici Halk Kurtulus Cephesi (DHKP/C);27.09.1994;14.05.2019;Organization
Direct Action Against Drugs (DADD);Direct Action Against Drugs (DADD);18.12.1995;1.01.1996;Organization
Down with Lubbers;Down with Lubbers;16.09.1986;16.09.1986;Organization
Durruti Brigades;Durruti Brigades;23.05.2019;23.05.2019;Organization
Eagles of the Palestinian Revolution;Eagles of the Palestinian Revolution;13.07.1979;13.07.1979;Organization
Earth First!;Earth First!;29.01.1989;31.07.1994;Organization
Earth Liberation Front (ELF);Earth Liberation Front (ELF);28.10.1996;13.04.2015;Organization
Earth Night Action Group;Earth Night Action Group;22.04.1990;22.04.1990;Organization
East Side Action Committee;East Side Action Committee;9.11.1979;9.11.1979;Organization
East Turkistan Liberation Organization;East Turkistan Liberation Organization;5.10.1999;5.10.1999;Organization
Ecology and Antinuclear Revolutionary Party (CRAE);Ecology and Antinuclear Revolutionary Party (CRAE);24.05.1979;24.05.1979;Organization
Ecosocialist Forces;Ecosocialist Forces;15.07.2016;15.07.2016;Organization
Ein Tyrol (One Tyrol);Ein Tyrol (One Tyrol);16.08.1988;30.10.1988;Organization
El Movimiento Revolucionario Independinista;El Movimiento Revolucionario Independinista;18.09.1986;18.09.1986;Organization
English Defense League (EDL);English Defense League (EDL);5.06.2013;5.06.2013;Organization
Enraged Revolutionaries;Enraged Revolutionaries;16.03.2003;16.03.2003;Organization
Environmental Life Force;Environmental Life Force;1.05.1977;1.08.1977;Organization
Epanastatiki Anatropi (Revolutionary Overthrow);Epanastatiki Anatropi (Revolutionary Overthrow);27.03.2013;27.03.2013;Organization
Eritrean Liberation Front;Eritrean Liberation Front;1.03.1970;1.03.1970;Organization
Erotic Anti-authority Cells;Erotic Anti-authority Cells;14.02.2000;14.02.2000;Organization
Evan Mecham Eco-Terrorist International Conspiracy (EMETIC);Evan Mecham Eco-Terrorist International Conspiracy (EMETIC);5.10.1987;30.05.1989;Organization
Extraparliamentary Opposition (APO);Extraparliamentary Opposition (APO);28.04.1970;6.06.1970;Organization
Falangist Security Group;Falangist Security Group;3.02.1977;3.02.1977;Organization
Farm Animal Revenge Militia (FARM);Farm Animal Revenge Militia (FARM);27.01.1994;30.01.1994;Organization
Fatah Uprising;Fatah Uprising;26.06.1986;26.06.1986;Organization
Fedayeen Khalq (People's Commandos);Fedayeen Khalq (People's Commandos);7.11.1983;10.09.1987;Organization
Fedayeen of the Imperial Iranian Monarchy;Fedayeen of the Imperial Iranian Monarchy;5.06.1984;5.06.1984;Organization
Feuerkrieg Division (FKD);Feuerkrieg Division (FKD);6.10.2019;6.10.2019;Organization
Fight Against Authority;Fight Against Authority;3.01.1999;3.01.1999;Organization
Fight Xenophobia;Fight Xenophobia;13.04.2017;13.04.2017;Organization
Fighters for Communism;Fighters for Communism;19.05.1977;18.10.1977;Organization
Fighters for the Liberation of the Turkish People;Fighters for the Liberation of the Turkish People;7.02.1979;7.02.1979;Organization
Fighting Communist Front;Fighting Communist Front;21.10.1977;21.10.1977;Organization
Fighting Communist Unit;Fighting Communist Unit;23.01.1979;23.01.1979;Organization
Fighting Communists;Fighting Communists;28.08.1979;28.08.1979;Organization
Fighting Ecologist Movement;Fighting Ecologist Movement;7.05.1985;7.05.1985;Organization
Fighting For Freedom Coalition (FFFC-Ottawa);Fighting For Freedom Coalition (FFFC-Ottawa);18.05.2010;18.05.2010;Organization
Fighting Guerrilla Formation;Fighting Guerrilla Formation;13.11.1996;11.01.1998;Organization
Fighting Nucleus for Communism;Fighting Nucleus for Communism;19.10.1977;19.10.1977;Organization
Fighting Popular Rally;Fighting Popular Rally;23.12.1977;23.12.1977;Organization
Fighting Proletarian Front;Fighting Proletarian Front;11.09.1989;11.09.1989;Organization
Fighting Proletarian Squads;Fighting Proletarian Squads;26.11.1977;6.12.1977;Organization
Fighting Women;Fighting Women;15.03.1978;15.03.1978;Organization
Fighting Workers for Communism;Fighting Workers for Communism;27.06.1977;27.06.1977;Organization
Fire and Flame for the Police (FFdP);Fire and Flame for the Police (FFdP);17.03.2017;17.03.2017;Organization
Fire Group;Fire Group;5.04.1979;5.04.1979;Organization
First of October Antifascist Resistance Group (GRAPO);First of October Antifascist Resistance Group (GRAPO);4.01.1977;17.11.2000;Organization
Forbidden Blockade (Greece);Forbidden Blockade (Greece);14.04.2008;14.04.2008;Organization
Force 17;Force 17;5.10.1985;5.10.1985;Organization
Force Etudiante Critique;Force Etudiante Critique;10.05.2012;10.05.2012;Organization
Fourth Reich Skinheads;Fourth Reich Skinheads;1.12.1992;1.12.1992;Organization
France;France;1.01.1970;10.12.2020;Country
France's Honour;France's Honour;31.10.1989;31.10.1989;Organization
Francia;Francia;11.03.1979;11.03.1979;Organization
Fred Hampton Unit of the People's Forces;Fred Hampton Unit of the People's Forces;11.05.1976;2.07.1976;Organization
Free All Political Prisoners in Holland;Free All Political Prisoners in Holland;2.02.1992;2.02.1992;Organization
Free Galician People's Guerrilla Army;Free Galician People's Guerrilla Army;4.02.1987;11.10.1990;Organization
Free Joseon;Free Joseon;22.02.2019;22.02.2019;Organization
Free Network South (Freies Netz Sued);Free Network South (Freies Netz Sued);12.12.2014;12.12.2014;Organization
Free Syrian Army;Free Syrian Army;1.03.2015;1.03.2015;Organization
Freital Group;Freital Group;27.07.2015;1.11.2015;Organization
French Armed Islamic Front;French Armed Islamic Front;8.10.2004;8.10.2004;Organization
French Liberation Front;French Liberation Front;12.01.1980;12.01.1980;Organization
Friendly Company;Friendly Company;4.10.1999;4.10.1999;Organization
Friends of Loukanikos;Friends of Loukanikos;14.05.2012;14.05.2012;Organization
Front de Liberation du Quebec (FLQ);Front de Liberation du Quebec (FLQ);5.10.1970;10.10.1970;Organization
Front for Armenian Liberation;Front for Armenian Liberation;4.04.1973;4.04.1973;Organization
Front for the Liberation of Lebanon from Foreigners;Front for the Liberation of Lebanon from Foreigners;29.01.1980;29.01.1980;Organization
Front For the Liberation of the Azores;Front For the Liberation of the Azores;16.03.1977;29.01.1979;Organization
Front for the Liberation of the French Somali Coast;Front for the Liberation of the French Somali Coast;3.02.1976;12.02.1976;Organization
Front for the National Liberation of Puerto Rico;Front for the National Liberation of Puerto Rico;14.04.1978;14.04.1978;Organization
Front Line Armed Nuclei (FLAN);Front Line Armed Nuclei (FLAN);6.01.1982;6.01.1982;Organization
Front of French National Liberation;Front of French National Liberation;12.06.1978;12.06.1978;Organization
Fronte Paesanu Corsu di Liberazione (FPCL);Fronte Paesanu Corsu di Liberazione (FPCL);30.07.1975;30.07.1975;Organization
Fuerza Nueva;Fuerza Nueva;11.10.1982;11.10.1982;Organization
Fuerzas Armadas de Liberacion Nacional (FALN);Fuerzas Armadas de Liberacion Nacional (FALN);14.06.1974;31.12.1982;Organization
Furious Rebellion;Furious Rebellion;13.05.1994;13.05.1994;Organization
GAC;GAC;29.07.1974;29.07.1974;Organization
Gangs of Conscience;Gangs of Conscience;16.05.2008;3.03.2009;Organization
Gay Liberation Front;Gay Liberation Front;7.06.1977;2.10.1977;Organization
Gazteriak;Gazteriak;8.10.1999;8.10.1999;Organization
Generation Identity;Generation Identity;29.10.2020;29.10.2020;Organization
George Jackson Brigade;George Jackson Brigade;31.05.1975;24.12.1977;Organization
German Resistance Movement;German Resistance Movement;25.08.2014;9.07.2015;Organization
Germany;Germany;1.01.1970;10.12.2020;Country
Golden Dawn;Golden Dawn;12.06.2012;19.01.2020;Organization
Gracchus Babeuf;Gracchus Babeuf;13.09.1989;21.11.1991;Organization
Great Eastern Islamic Raiders Front (IBDA-C);Great Eastern Islamic Raiders Front (IBDA-C);16.01.1994;14.11.2003;Organization
Greece;Greece;1.01.1970;10.12.2020;Country
Greek Anarchists' Union;Greek Anarchists' Union;16.11.1992;16.11.1992;Organization
Greek Anti-Dictatorial Youth (EAN);Greek Anti-Dictatorial Youth (EAN);22.03.1973;22.03.1973;Organization
Greek National Socialist Organization;Greek National Socialist Organization;1.12.1977;17.12.1978;Organization
Greek Popular Resistance;Greek Popular Resistance;27.04.1979;27.04.1979;Organization
Grey Wolves;Grey Wolves;18.06.1988;17.11.1998;Organization
Group for a Strong Revolutionary Movement;Group for a Strong Revolutionary Movement;29.07.1991;29.07.1991;Organization
Group for Martyred Isam as-Sartawi;Group for Martyred Isam as-Sartawi;17.05.1983;17.05.1983;Organization
Group of Carlo Giuliani;Group of Carlo Giuliani;23.07.2001;23.07.2001;Organization
Group of Popular Fighters;Group of Popular Fighters;14.01.2013;17.12.2018;Organization
Group Yuri Choukewitch;Group Yuri Choukewitch;3.04.1980;3.04.1980;Organization
Groups for Dissemination of Revolutionary Theory and Action;Groups for Dissemination of Revolutionary Theory and Action;28.06.2010;28.06.2010;Organization
Grupo Estrella;Grupo Estrella;11.04.1980;25.05.1982;Organization
Gruppe Haw Weg Den Scheiss;Gruppe Haw Weg Den Scheiss;31.10.1984;25.01.1985;Organization
Guadeloupe Liberation Army;Guadeloupe Liberation Army;24.01.1981;30.01.1981;Organization
Guardians of the Islamic Revolution;Guardians of the Islamic Revolution;18.07.1987;2.10.1987;Organization
Guards of the Fighting Proletariat;Guards of the Fighting Proletariat;18.01.1979;18.01.1979;Organization
Guardsmen of Islam;Guardsmen of Islam;18.07.1980;31.07.1984;Organization
Guerilla Party of the Galician Poor;Guerilla Party of the Galician Poor;10.07.1991;10.07.1991;Organization
Guerrilla Forces for Liberation;Guerrilla Forces for Liberation;25.05.1987;25.05.1987;Organization
Haika;Haika;9.03.2001;9.03.2001;Organization
Hamas (Islamic Resistance Movement);Hamas (Islamic Resistance Movement);5.04.2004;5.04.2004;Organization
Hatikvah Leumi or National Hope;Hatikvah Leumi or National Hope;10.12.1980;10.12.1980;Organization
Hekla Reception Committee-Initiative for More Social Eruptions;Hekla Reception Committee-Initiative for More Social Eruptions;10.10.2011;13.10.2011;Organization
Hezbollah;Hezbollah;7.02.1984;18.07.2012;Organization
Hizb al-Tahrir al-Islami (HT);Hizb al-Tahrir al-Islami (HT);31.07.2006;31.07.2006;Organization
Hofstad Network;Hofstad Network;2.11.2004;2.11.2004;Organization
Honour of the Police;Honour of the Police;20.09.1979;20.09.1979;Organization
Hoodie Wearers;Hoodie Wearers;3.12.2009;3.12.2009;Organization
Iceland;Iceland;1.01.1970;10.12.2020;Country
Iconoclastic Nihilists;Iconoclastic Nihilists;12.03.1982;12.03.1982;Organization
Iconoclastic Sect;Iconoclastic Sect;27.12.2018;16.12.2019;Organization
Iconoclasts;Iconoclasts;21.04.2000;21.04.2000;Organization
Idealist Association;Idealist Association;14.10.1978;23.02.1979;Organization
Illuminating Paths of Solidarity;Illuminating Paths of Solidarity;28.07.2009;28.07.2009;Organization
Imperial Iranian Patriotic Organization;Imperial Iranian Patriotic Organization;27.04.1981;27.04.1981;Organization
Incendiary Committee of Solidarity for Detainees;Incendiary Committee of Solidarity for Detainees;11.11.2008;11.11.2008;Organization
Independent Armed Revolutionary Commandos (CRIA);Independent Armed Revolutionary Commandos (CRIA);1.12.1976;31.03.1977;Organization
Indigenous People of Biafra (IPOB);Indigenous People of Biafra (IPOB);17.08.2019;6.12.2019;Organization
Indipendenza;Indipendenza;13.12.1992;14.12.1992;Organization
Individuals Tending Toward Savagery;Individuals Tending Toward Savagery;11.01.2018;11.01.2018;Organization
Informal Anarchist Federation;Informal Anarchist Federation;27.12.2003;22.03.2019;Organization
Initiative de Resistance Internationaliste;Initiative de Resistance Internationaliste;1.11.2004;1.11.2004;Organization
Insurrectionals from the Frontier;Insurrectionals from the Frontier;2.10.2015;2.10.2015;Organization
Internal Front;Internal Front;4.04.1984;4.04.1984;Organization
International Committee Against Nazism;International Committee Against Nazism;1.06.1979;4.06.1979;Organization
International Communist Brigade;International Communist Brigade;4.01.1978;4.01.1978;Organization
International Communist Group;International Communist Group;4.05.1984;4.05.1984;Organization
International Proletarian Groups;International Proletarian Groups;14.05.1981;14.05.1981;Organization
International Revolutionary Action Group (GARI);International Revolutionary Action Group (GARI);28.01.1973;22.05.1977;Organization
International Revolutionary Front;International Revolutionary Front;27.06.2012;6.04.2015;Organization
International Revolutionary Solidarity;International Revolutionary Solidarity;5.02.1975;22.02.1988;Organization
International Solidarity;International Solidarity;30.06.2000;18.12.2000;Organization
Into the Blue Commando of the Revolutionary Cells;Into the Blue Commando of the Revolutionary Cells;21.08.1986;21.08.1986;Organization
Iparretarrak (IK);Iparretarrak (IK);26.03.1980;11.08.2005;Organization
Iraqi Mujahideen;Iraqi Mujahideen;4.06.1980;4.06.1980;Organization
Irish National Liberation Army (INLA);Irish National Liberation Army (INLA);25.02.1975;4.12.2018;Organization
Irish People's Liberation Organization (IPLO);Irish People's Liberation Organization (IPLO);21.12.1986;1.11.1992;Organization
Irish Republican Army (IRA);Irish Republican Army (IRA);26.06.1970;21.05.2011;Organization
Irrintzi;Irrintzi;30.05.2017;30.05.2017;Organization
Islamic Cause Organization;Islamic Cause Organization;21.12.1983;21.12.1983;Organization
Islamic Golden Army;Islamic Golden Army;23.01.1992;23.01.1992;Organization
Islamic Movement Organization;Islamic Movement Organization;30.01.1990;3.06.1992;Organization
Islamic Revenge Organization;Islamic Revenge Organization;31.12.1991;7.03.1992;Organization
Islamic State of Iraq and the Levant (ISIL);Islamic State of Iraq and the Levant (ISIL);11.05.2013;28.10.2017;Organization
Italian Combatents for Alto Adige;Italian Combatents for Alto Adige;21.11.1980;21.11.1980;Organization
Italian Extreme Nationalist Organization;Italian Extreme Nationalist Organization;26.09.1979;26.09.1979;Organization
Italian Social Movement (MSI);Italian Social Movement (MSI);10.07.1976;10.01.1979;Organization
Italy;Italy;1.01.1970;10.12.2020;Country
Jacques de Molay Group;Jacques de Molay Group;8.08.1987;8.08.1987;Organization
Jamaat-al-Fuqra;Jamaat-al-Fuqra;29.07.1983;30.01.1990;Organization
Jammu and Kashmir Liberation Front;Jammu and Kashmir Liberation Front;3.02.1984;3.02.1984;Organization
January 22;January 22;31.01.1979;21.10.1981;Organization
Japanese Red Army (JRA);Japanese Red Army (JRA);13.09.1974;14.04.1988;Organization
Jarrai;Jarrai;23.07.1992;30.04.1999;Organization
Jewish Armed Resistance;Jewish Armed Resistance;5.12.1971;17.06.1982;Organization
Jewish Combat Organization;Jewish Combat Organization;20.04.1979;20.04.1979;Organization
Jewish Committee of Concern;Jewish Committee of Concern;15.02.1978;27.03.1978;Organization
Jewish Defenders;Jewish Defenders;25.06.1981;25.06.1981;Organization
Jewish Defense League (JDL);Jewish Defense League (JDL);22.05.1970;22.12.2013;Organization
Jewish Defense Organization;Jewish Defense Organization;7.09.1988;7.09.1988;Organization
Jewish Direct Action;Jewish Direct Action;23.02.1984;23.02.1984;Organization
Jonathan Jackson Brigade;Jonathan Jackson Brigade;7.08.1970;7.08.1970;Organization
Jordanian Masses Organization;Jordanian Masses Organization;14.06.1980;14.06.1980;Organization
June 16 Organization;June 16 Organization;6.12.1989;6.12.1989;Organization
Justice Commandos for the Armenian Genocide;Justice Commandos for the Armenian Genocide;24.10.1975;3.09.1984;Organization
Justice Party;Justice Party;12.03.1979;12.03.1979;Organization
Kahane Chai;Kahane Chai;26.02.1992;26.02.1992;Organization
Katsuhisa Omori;Katsuhisa Omori;22.04.1984;22.04.1984;Organization
Kentavros;Kentavros;30.05.1977;30.05.1977;Organization
Khristos Kasimis;Khristos Kasimis;11.12.1977;21.03.1986;Organization
King Street;King Street;7.12.1994;7.12.1994;Organization
Koetoh Reh;Koetoh Reh;11.09.1984;11.09.1984;Organization
Ku Klux Klan;Ku Klux Klan;9.03.1970;7.06.2020;Organization
Kurdish Islamic Unity Party;Kurdish Islamic Unity Party;27.08.1995;27.08.1995;Organization
Kurdistan Freedom Hawks (TAK);Kurdistan Freedom Hawks (TAK);9.08.2004;5.01.2017;Organization
Kurdistan Workers' Party (PKK);Kurdistan Workers' Party (PKK);15.08.1984;10.12.2020;Organization
L'Asilo;L'Asilo;1.04.2019;1.04.2019;Organization
Last Generation;Last Generation;12.04.2000;12.04.2000;Organization
Latin America Anti-Communist Army (LAACA);Latin America Anti-Communist Army (LAACA);8.12.1974;5.02.1978;Organization
League of French Fighters Against Jewish Occupation;League of French Fighters Against Jewish Occupation;29.04.1979;29.04.1979;Organization
League of the 18;League of the 18;29.12.1975;29.12.1975;Organization
Lebanese Armed Revolutionary Faction (LARF);Lebanese Armed Revolutionary Faction (LARF);12.11.1981;26.03.1984;Organization
Lebanese National Resistance Front;Lebanese National Resistance Front;13.03.1984;13.03.1984;Organization
Les Casseurs;Les Casseurs;23.06.2016;23.06.2016;Organization
Liberation Commando Rudolf Hess;Liberation Commando Rudolf Hess;24.10.1986;24.10.1986;Organization
Liberation Tigers of Tamil Eelam (LTTE);Liberation Tigers of Tamil Eelam (LTTE);31.03.1988;20.01.2010;Organization
Lithuania;Lithuania;1.01.1970;10.12.2020;Country
Lolita Lebron Puerto Rican Liberation Command;Lolita Lebron Puerto Rican Liberation Command;3.01.1977;3.01.1977;Organization
Lone Wolves of Radical, Autonomous, Militant National Socialism;Lone Wolves of Radical, Autonomous, Militant National Socialism;24.08.2016;24.08.2016;Organization
Loyalist Action Force;Loyalist Action Force;18.11.2003;18.11.2003;Organization
Loyalist Volunteer Forces (LVF);Loyalist Volunteer Forces (LVF);13.05.1997;25.09.2000;Organization
Luis Boitel Commandos;Luis Boitel Commandos;25.05.1977;19.09.1977;Organization
Luxembourg;Luxembourg;1.01.1970;10.12.2020;Country
LW;LW;20.04.2008;20.04.2008;Organization
M-5;M-5;17.08.1984;18.08.1984;Organization
M-7;M-7;26.07.1974;6.08.1974;Organization
Maccabee Squad and the Shield of David;Maccabee Squad and the Shield of David;6.01.1994;6.01.1994;Organization
Macheteros;Macheteros;24.08.1978;24.06.1998;Organization
Mahir Cayan Suicide Group;Mahir Cayan Suicide Group;10.03.1975;10.03.1975;Organization
Maoist Communist Party (MKP);Maoist Communist Party (MKP);10.02.2015;10.02.2015;Organization
Martyr Ciyager and Martyr Zeryan Revenge Units;Martyr Ciyager and Martyr Zeryan Revenge Units;11.02.2019;11.02.2019;Organization
Martyrs of Baalbek;Martyrs of Baalbek;25.01.1984;25.01.1984;Organization
Marxist-Leninist Armed Propaganda Unit;Marxist-Leninist Armed Propaganda Unit;30.03.1977;16.04.1980;Organization
Marxist-Leninist Communist Party (Turkey-MLKP);Marxist-Leninist Communist Party (Turkey-MLKP);25.09.2019;25.09.2019;Organization
Masada, Action and Defense Movement;Masada, Action and Defense Movement;4.10.1972;4.10.1972;Organization
Massive escape;Massive escape;24.06.1997;24.06.1997;Organization
Mateo Morral Insurrectionist Commandos;Mateo Morral Insurrectionist Commandos;7.02.2013;2.10.2013;Organization
May 15 Organization for the Liberation of Palestine;May 15 Organization for the Liberation of Palestine;17.01.1980;11.08.1982;Organization
May 19 Communist Order;May 19 Communist Order;6.12.1976;23.02.1985;Organization
Mayhem Squads;Mayhem Squads;12.12.2019;12.12.2019;Organization
Medellin Drug Cartel;Medellin Drug Cartel;11.03.1992;11.03.1992;Organization
Meibion Glyndwr;Meibion Glyndwr;27.02.1988;21.06.1990;Organization
Meinhof-Puig-Antich Group;Meinhof-Puig-Antich Group;3.05.1975;22.05.1975;Organization
Mesopotamian Army (MEZOR);Mesopotamian Army (MEZOR);13.07.1994;13.07.1994;Organization
Mexican Revolutionary Movement;Mexican Revolutionary Movement;19.11.1992;19.11.1992;Organization
Mikhail Kaltezas Anarchist Organization;Mikhail Kaltezas Anarchist Organization;2.03.1990;2.03.1990;Organization
Militant Minority (Greece);Militant Minority (Greece);26.11.2012;11.01.2013;Organization
Militant People's Revolutionary Forces;Militant People's Revolutionary Forces;1.11.2013;1.11.2013;Organization
Militant Zionist Resistance Movement;Militant Zionist Resistance Movement;5.05.1980;5.05.1980;Organization
Military Council for the True Liberation of Albania;Military Council for the True Liberation of Albania;23.12.1976;23.12.1976;Organization
Minorities of Metropolitan Attacks;Minorities of Metropolitan Attacks;20.12.2017;21.12.2017;Organization
Minutemen American Defense;Minutemen American Defense;30.05.2009;30.05.2009;Organization
MLA;MLA;10.04.1984;10.04.1984;Organization
Moles;Moles;18.05.2019;18.05.2019;Organization
Motherland Party;Motherland Party;24.03.1994;24.03.1994;Organization
Movement for Cuban Justice (Pragmatistas);Movement for Cuban Justice (Pragmatistas);21.02.1975;21.02.1975;Organization
Movement for Rebuilding Fatah;Movement for Rebuilding Fatah;20.08.1983;20.08.1983;Organization
Movement for Self-Determination;Movement for Self-Determination;31.08.1995;31.08.1995;Organization
Movement for the Supremacy of Reason;Movement for the Supremacy of Reason;1.10.1989;1.10.1989;Organization
Movement of Islamic Action of Iraq;Movement of Islamic Action of Iraq;11.08.1982;11.08.1982;Organization
Movement of the Third Reich;Movement of the Third Reich;11.05.1981;11.05.1981;Organization
Mujahedin-e Khalq (MEK);Mujahedin-e Khalq (MEK);23.06.1981;16.07.1992;Organization
Muslim Liberation Front;Muslim Liberation Front;7.12.1979;7.12.1979;Organization
Mustafa Aktas Fighting Unit;Mustafa Aktas Fighting Unit;23.12.1986;23.12.1986;Organization
National Committee to Combat Fascism;National Committee to Combat Fascism;28.06.1970;24.10.1970;Organization
National Front (Greece);National Front (Greece);2.02.1985;2.02.1985;Organization
National Front for the Liberation of Belgium;National Front for the Liberation of Belgium;12.12.1983;12.12.1983;Organization
National Front for the Liberation of Cuba (FLNC);National Front for the Liberation of Cuba (FLNC);14.06.1972;27.11.1975;Organization
National Front for the Salvation of Libya;National Front for the Salvation of Libya;4.07.1984;4.07.1984;Organization
National Front Security Service;National Front Security Service;19.03.1992;19.03.1992;Organization
National Integration Front (FIN);National Integration Front (FIN);11.12.1972;4.12.1975;Organization
National Liberation Front of Provence (FLNP);National Liberation Front of Provence (FLNP);21.01.2013;22.01.2014;Organization
National Movement Against the Mahgreb Invasion;National Movement Against the Mahgreb Invasion;19.12.1988;19.12.1988;Organization
National Revolution;National Revolution;3.08.1985;8.10.1985;Organization
National Socialist Liberation Front;National Socialist Liberation Front;4.02.1975;4.02.1975;Organization
National Socialist Underground;National Socialist Underground;16.04.1996;25.04.2007;Organization
National Youth Resistance Organization;National Youth Resistance Organization;21.04.1973;21.04.1973;Organization
Nationalist Intervention Group;Nationalist Intervention Group;19.05.1975;15.06.1975;Organization
Netherlands;Netherlands;1.01.1970;10.12.2020;Country
New Armenian Resistance;New Armenian Resistance;9.12.1979;28.02.1983;Organization
New Jewish Defense League;New Jewish Defense League;9.11.1978;18.12.1978;Organization
New Order;New Order;6.02.1977;23.12.1984;Organization
New Order- France;New Order- France;11.02.1975;11.02.1977;Organization
New Partisans Movement;New Partisans Movement;11.01.1977;21.08.1977;Organization
New Revolutionary Popular Struggle (NELA);New Revolutionary Popular Struggle (NELA);9.07.2002;9.07.2002;Organization
New World Liberation Front (NWLF);New World Liberation Front (NWLF);13.04.1970;22.03.1978;Organization
New Year's Gang;New Year's Gang;2.01.1970;24.08.1970;Organization
Nihilistic Patrol and Neighborhood Arsonists;Nihilistic Patrol and Neighborhood Arsonists;23.03.2015;23.03.2015;Organization
Nihilists Faction;Nihilists Faction;28.05.1996;9.04.2009;Organization
Ninth of June Organization;Ninth of June Organization;26.06.1981;20.08.1981;Organization
No Borders Group;No Borders Group;25.10.2016;25.10.2016;Organization
Northern Epirus Liberation Front (MAVI);Northern Epirus Liberation Front (MAVI);24.06.1983;24.06.1983;Organization
Northern Terror Front;Northern Terror Front;3.02.1985;3.02.1986;Organization
Norway;Norway;1.01.1970;10.12.2020;Country
November 17 Revolutionary Organization (N17RO);November 17 Revolutionary Organization (N17RO);14.12.1976;21.01.2001;Organization
November 19 Anarchist Faction;November 19 Anarchist Faction;23.01.2000;23.01.2000;Organization
November 21 Organization;November 21 Organization;22.11.1984;23.11.1984;Organization
Nuclear Liberation Front;Nuclear Liberation Front;28.11.1987;28.11.1987;Organization
Nuclei Communist Combattants;Nuclei Communist Combattants;10.01.1994;10.01.1994;Organization
Nucleus of Fighting Communists;Nucleus of Fighting Communists;19.10.1992;19.10.1992;Organization
Nucleus of the Armed Struggle;Nucleus of the Armed Struggle;3.10.1977;3.10.1977;Organization
October Third Movement;October Third Movement;1.11.1980;1.11.1980;Organization
October-80;October-80;19.12.1980;15.04.1981;Organization
Official Irish Republican Army (OIRA);Official Irish Republican Army (OIRA);8.03.1971;8.09.1979;Organization
Oglaigh na hEireann;Oglaigh na hEireann;23.09.2006;31.03.2017;Organization
Omega-7;Omega-7;1.02.1975;12.10.1983;Organization
Orange Volunteers (OV);Orange Volunteers (OV);16.11.1998;15.08.2009;Organization
Organization 544;Organization 544;20.05.1996;20.05.1996;Organization
Organization Alliance of Cuban Intransigence;Organization Alliance of Cuban Intransigence;26.05.1988;26.05.1988;Organization
Organization for Revolutionary Self Defense;Organization for Revolutionary Self Defense;25.05.2014;6.11.2017;Organization
Organization for the Liberation of France from Jewish Occupation;Organization for the Liberation of France from Jewish Occupation;13.01.1980;13.01.1980;Organization
Organization of Mauritanian Nationalists;Organization of Mauritanian Nationalists;20.09.1984;20.09.1984;Organization
Organization of Metropolitan Proletariat and Oppressed Peoples;Organization of Metropolitan Proletariat and Oppressed Peoples;15.04.1989;15.04.1989;Organization
Organization of Mujahadin of Islam;Organization of Mujahadin of Islam;4.08.1989;4.08.1989;Organization
Organization of the Sons of Occupied Territories;Organization of the Sons of Occupied Territories;29.05.1974;29.05.1974;Organization
Organization of Volunteers for the Puerto Rican Revolution;Organization of Volunteers for the Puerto Rican Revolution;14.07.1980;29.04.1986;Organization
Organized Comrades for Feminist Counter-Power;Organized Comrades for Feminist Counter-Power;7.03.1979;6.02.1981;Organization
Organized Comrads for Communism;Organized Comrads for Communism;10.01.1979;10.01.1979;Organization
Organized Proletarian Communists;Organized Proletarian Communists;3.10.1977;19.12.1978;Organization
Orly Organization;Orly Organization;18.09.1981;30.09.1983;Organization
Otpor;Otpor;28.09.1978;22.11.1978;Organization
Overall Deniers of Joining the Existing;Overall Deniers of Joining the Existing;12.03.2013;12.03.2013;Organization
Pacifist and Ecologist Committee;Pacifist and Ecologist Committee;18.01.1982;18.01.1982;Organization
Palestine Liberation Organization (PLO);Palestine Liberation Organization (PLO);27.06.1976;31.03.1982;Organization
Palestinian Liberation Command;Palestinian Liberation Command;30.10.1991;30.10.1991;Organization
Pan-Turkish Organization;Pan-Turkish Organization;26.03.1985;26.03.1985;Organization
Partisan Sharpshooters;Partisan Sharpshooters;23.10.1998;23.10.1998;Organization
Patriotic Europeans against the Islamization of the West (PEGIDA);Patriotic Europeans against the Islamization of the West (PEGIDA);2.03.2015;26.09.2016;Organization
Patriotic Union of Kurdistan (PUK);Patriotic Union of Kurdistan (PUK);27.02.1987;27.02.1987;Organization
Peace at Home Council;Peace at Home Council;15.07.2016;16.07.2016;Organization
Peace Conquerors;Peace Conquerors;22.06.1985;22.06.1985;Organization
Pedro Albizu Campos Revolutionary Forces;Pedro Albizu Campos Revolutionary Forces;12.01.1988;17.09.1990;Organization
People's Brigade For A Healthy Genetic Future;People's Brigade For A Healthy Genetic Future;29.05.1981;29.05.1981;Organization
People's Defense Unit (Turkey);People's Defense Unit (Turkey);25.03.2015;25.03.2015;Organization
People's Liberation Army (Northern Ireland);People's Liberation Army (Northern Ireland);28.04.1975;28.04.1975;Organization
People's Liberation Army (United States);People's Liberation Army (United States);16.02.1972;16.02.1972;Organization
People's Liberation Force;People's Liberation Force;31.12.1991;31.12.1991;Organization
People's Liberation Movement;People's Liberation Movement;30.06.1981;30.06.1981;Organization
People's Path;People's Path;3.01.1980;3.01.1980;Organization
People's Protection Units (YPG);People's Protection Units (YPG);26.04.2017;22.07.2019;Organization
People's Rebellion;People's Rebellion;14.07.1991;14.07.1991;Organization
People's Resistance Organized Army;People's Resistance Organized Army;23.02.1974;23.02.1974;Organization
People's Revolutionary Party;People's Revolutionary Party;1.05.1971;1.05.1971;Organization
Peoples' United Revolutionary Movement (HBDH);Peoples' United Revolutionary Movement (HBDH);1.08.2016;18.09.2019;Organization
Pessach Group;Pessach Group;3.05.1981;10.05.1981;Organization
Phineas Priesthood;Phineas Priesthood;1.04.1996;12.07.1996;Organization
Plowshares;Plowshares;4.12.1983;4.12.1983;Organization
Polisario Front;Polisario Front;7.07.1977;22.01.1987;Organization
Popular Forces of April 25;Popular Forces of April 25;13.05.1980;15.07.1986;Organization
Popular Front for the Liberation of Palestine (PFLP);Popular Front for the Liberation of Palestine (PFLP);10.02.1970;16.01.1991;Organization
Popular Front for the Liberation of Palestine, Gen Cmd (PFLP-GC);Popular Front for the Liberation of Palestine, Gen Cmd (PFLP-GC);21.02.1970;8.09.1974;Organization
Popular Liberation Army (Puerto Rico);Popular Liberation Army (Puerto Rico);2.02.1991;6.07.1991;Organization
Popular Rage;Popular Rage;1.07.1990;2.07.1990;Organization
Popular Resistance (Laiki Antistasi);Popular Resistance (Laiki Antistasi);5.06.2002;17.06.2002;Organization
Popular Resistance Sabotage Group;Popular Resistance Sabotage Group;2.06.1974;12.06.1974;Organization
Popular Revolutionary Action;Popular Revolutionary Action;11.07.2003;11.07.2003;Organization
Popular Revolutionary Movement (Italy);Popular Revolutionary Movement (Italy);14.05.1979;24.05.1979;Organization
Popular Revolutionary Resistance Group;Popular Revolutionary Resistance Group;29.08.1972;29.08.1972;Organization
Popular Will (Greece);Popular Will (Greece);24.06.2008;17.02.2010;Organization
Portugal;Portugal;1.01.1970;10.12.2020;Country
Portuguese Anti-Communist Movement;Portuguese Anti-Communist Movement;22.04.1976;22.04.1976;Organization
Portuguese Liberation Army;Portuguese Liberation Army;10.12.1975;10.12.1975;Organization
Posse Comitatus;Posse Comitatus;13.02.1983;13.02.1983;Organization
Powers of the Revolutionary Arc;Powers of the Revolutionary Arc;26.09.2013;26.09.2013;Organization
Prima Linea;Prima Linea;29.11.1976;13.11.1981;Organization
Prisoner's Action Force;Prisoner's Action Force;30.12.1980;30.12.1980;Organization
Proletarian Action Group;Proletarian Action Group;5.10.1973;3.05.1985;Organization
Proletarian Armed Squads;Proletarian Armed Squads;2.12.1977;2.12.1977;Organization
Proletarian Assault Group;Proletarian Assault Group;14.11.2014;14.11.2014;Organization
Proletarian Combatants for Communism;Proletarian Combatants for Communism;1.11.1978;1.11.1978;Organization
Proletarian communist commandos;Proletarian communist commandos;29.02.1980;29.02.1980;Organization
Proletarian Division for the Army of Communist Liberation;Proletarian Division for the Army of Communist Liberation;30.11.1979;30.11.1979;Organization
Proletarian Fighting Brigades;Proletarian Fighting Brigades;13.09.1977;13.09.1977;Organization
Proletarian Fighting Patrol;Proletarian Fighting Patrol;5.05.1979;5.05.1979;Organization
Proletarian Initiative and Offensive for W. Europe;Proletarian Initiative and Offensive for W. Europe;10.11.1985;10.11.1985;Organization
Proletarian Nuclei for Communism;Proletarian Nuclei for Communism;14.05.2003;6.06.2004;Organization
Proletarian Nucleus;Proletarian Nucleus;20.03.1978;20.03.1978;Organization
Proletarian Patrols;Proletarian Patrols;19.07.1977;10.04.1980;Organization
Proletarian Resistance Movement;Proletarian Resistance Movement;4.06.1976;4.06.1976;Organization
Proletarian Revolutionary Action Front (FRAP);Proletarian Revolutionary Action Front (FRAP);20.04.1985;21.04.1985;Organization
Proletarian Solidarity;Proletarian Solidarity;30.08.2014;30.08.2014;Organization
Proletariat Self-defense Groups;Proletariat Self-defense Groups;10.08.2012;3.06.2013;Organization
Prolitarian Internationalism;Prolitarian Internationalism;16.08.1976;16.08.1976;Organization
Protestant Action Group;Protestant Action Group;11.10.1974;19.06.1975;Organization
Provisional Coordinating Committee for the Defense of Labor;Provisional Coordinating Committee for the Defense of Labor;30.04.1982;30.04.1982;Organization
Provisional RSPCA;Provisional RSPCA;5.07.2011;5.07.2011;Organization
Puerto Rican Armed Resistance;Puerto Rican Armed Resistance;21.12.1980;21.05.1981;Organization
Puerto Rican Liberation Front;Puerto Rican Liberation Front;22.11.1971;22.12.1971;Organization
Puerto Rican Resistance Movement;Puerto Rican Resistance Movement;21.03.1970;1.03.1971;Organization
Puerto Rican Revolutionary Movement;Puerto Rican Revolutionary Movement;17.08.1972;18.08.1972;Organization
Quartermoon Society;Quartermoon Society;8.10.1970;24.09.1971;Organization
Rabid Brothers of Giuliani;Rabid Brothers of Giuliani;17.07.2002;17.07.2002;Organization
Radical Communist Armed Nucleus;Radical Communist Armed Nucleus;5.12.1977;5.12.1977;Organization
Rajneeshees;Rajneeshees;15.07.1984;20.09.1984;Organization
Ramiro Ledesma Social Centre;Ramiro Ledesma Social Centre;23.12.2015;24.03.2016;Organization
Random Anarchists;Random Anarchists;28.08.2014;28.08.2014;Organization
Raul Sendic International Brigade;Raul Sendic International Brigade;19.12.1974;19.12.1974;Organization
Real Irish Republican Army (RIRA);Real Irish Republican Army (RIRA);10.07.1998;15.04.2012;Organization
Real Ulster Freedom Fighters (UFF) - Northern Ireland;Real Ulster Freedom Fighters (UFF) - Northern Ireland;11.08.2010;24.02.2013;Organization
Rebellious Group Lambros Foundas;Rebellious Group Lambros Foundas;28.03.2010;28.03.2010;Organization
Red Army Faction (RAF);Red Army Faction (RAF);22.10.1978;8.07.1991;Organization
Red Army for the Liberation of Catalonia;Red Army for the Liberation of Catalonia;16.06.1987;26.12.1987;Organization
Red Brigades;Red Brigades;13.03.1974;27.03.1990;Organization
Red Brigades Fighting Communist Party (BR-PCC);Red Brigades Fighting Communist Party (BR-PCC);3.05.1983;2.10.2003;Organization
Red Brigades Fighting Communist Union (BR-UCC);Red Brigades Fighting Communist Union (BR-UCC);21.02.1986;19.03.2002;Organization
Red Cell;Red Cell;1.10.1973;31.05.1978;Organization
Red Commandos;Red Commandos;9.10.1992;9.10.1992;Organization
Red Flag;Red Flag;7.11.1974;7.11.1974;Organization
Red Flying Squad;Red Flying Squad;25.04.1978;12.03.1980;Organization
Red Guerilla Family;Red Guerilla Family;27.03.1975;5.03.1976;Organization
Red Guerrilla;Red Guerrilla;12.05.1979;12.05.1979;Organization
Red Hand Commandos;Red Hand Commandos;8.02.1972;28.09.1995;Organization
Red Hand Defenders (RHD);Red Hand Defenders (RHD);28.01.1999;1.02.2003;Organization
Red Line;Red Line;24.04.1999;24.04.1999;Organization
Red Patriots Group;Red Patriots Group;17.08.1984;17.08.1984;Organization
Red Resistance Front;Red Resistance Front;9.10.1978;9.10.1978;Organization
Red Revolutionary Front;Red Revolutionary Front;24.12.1985;27.06.1986;Organization
Regulators;Regulators;9.05.1971;9.05.1971;Organization
Republic of New Afrika;Republic of New Afrika;31.12.1972;7.01.1973;Organization
Republic of Texas;Republic of Texas;27.04.1997;27.04.1997;Organization
Republican Action Against Drugs (RAAD);Republican Action Against Drugs (RAAD);2.06.2012;2.06.2012;Organization
Republican Action Force;Republican Action Force;1.09.1975;21.04.1977;Organization
Republican Anticlerical Group;Republican Anticlerical Group;22.06.1997;22.06.1997;Organization
Republican People's Party;Republican People's Party;27.06.1979;27.06.1979;Organization
Residents and regulars of Exarchia;Residents and regulars of Exarchia;29.07.2017;29.07.2017;Organization
Resistance Cell;Resistance Cell;13.05.2004;13.05.2004;Organization
Resistance Movement;Resistance Movement;10.07.1990;10.07.1990;Organization
Resistance Movement of the Union of Revolt Workers;Resistance Movement of the Union of Revolt Workers;20.02.1990;20.02.1990;Organization
Resistance, Liberation and Independence Organization (AAA);Resistance, Liberation and Independence Organization (AAA);7.12.1972;7.12.1972;Organization
Resistencia Galega;Resistencia Galega;15.09.2012;1.10.2014;Organization
Resistenza;Resistenza;9.12.1990;11.01.1996;Organization
Resistenza Corsa;Resistenza Corsa;13.01.2003;26.05.2003;Organization
Revenge of the Trees;Revenge of the Trees;7.05.2000;7.05.2000;Organization
Revolted Persons of the Polytech School;Revolted Persons of the Polytech School;18.11.1996;18.11.1996;Organization
Revolution Chemnitz;Revolution Chemnitz;14.09.2018;14.09.2018;Organization
Revolutionary Action;Revolutionary Action;30.03.1977;19.10.1977;Organization
Revolutionary Action Front;Revolutionary Action Front;17.09.1977;19.09.1977;Organization
Revolutionary Action Groups;Revolutionary Action Groups;1.03.1980;1.03.1980;Organization
Revolutionary Action of Liberation;Revolutionary Action of Liberation;19.01.2006;10.01.2007;Organization
Revolutionary Action Party;Revolutionary Action Party;20.08.1970;30.08.1970;Organization
Revolutionary Anarchist Armed Terrorist Movement;Revolutionary Anarchist Armed Terrorist Movement;6.07.1978;6.07.1978;Organization
Revolutionary Anti-Capitalist Initiative;Revolutionary Anti-Capitalist Initiative;3.06.1981;3.06.1981;Organization
Revolutionary Anti-Racist Action;Revolutionary Anti-Racist Action;26.03.1990;13.11.1991;Organization
Revolutionary Autonomous Group;Revolutionary Autonomous Group;27.07.1985;27.07.1985;Organization
Revolutionary Cells;Revolutionary Cells;17.11.1973;16.01.1992;Organization
Revolutionary Cells Network (SRN);Revolutionary Cells Network (SRN);23.06.2015;4.07.2015;Organization
Revolutionary Cells-Animal Liberation Brigade;Revolutionary Cells-Animal Liberation Brigade;26.09.2003;24.06.2007;Organization
Revolutionary Combat Brigades;Revolutionary Combat Brigades;11.11.1997;11.11.1997;Organization
Revolutionary Commandos of the People (CRP);Revolutionary Commandos of the People (CRP);11.10.1977;21.07.1980;Organization
Revolutionary Committee for Counter Force;Revolutionary Committee for Counter Force;30.07.1980;30.07.1980;Organization
Revolutionary Communist Armed Nuclei;Revolutionary Communist Armed Nuclei;19.06.1981;19.06.1981;Organization
Revolutionary Communist Party;Revolutionary Communist Party;13.02.1978;13.02.1978;Organization
Revolutionary Communist Youth Brigade (RCYB);Revolutionary Communist Youth Brigade (RCYB);9.02.1981;9.02.1981;Organization
Revolutionary Continuity;Revolutionary Continuity;16.02.2010;16.02.2010;Organization
Revolutionary Fighting Group 80;Revolutionary Fighting Group 80;3.11.1980;3.11.1980;Organization
Revolutionary Force 26;Revolutionary Force 26;1.05.1970;1.05.1970;Organization
Revolutionary Force 9;Revolutionary Force 9;12.03.1970;12.03.1970;Organization
Revolutionary Force Seven;Revolutionary Force Seven;1.07.1970;2.07.1970;Organization
Revolutionary Forces for the Liberation of Iraq;Revolutionary Forces for the Liberation of Iraq;7.07.1980;7.07.1980;Organization
Revolutionary Headquarters (Turkey);Revolutionary Headquarters (Turkey);27.04.2009;27.04.2009;Organization
Revolutionary Internationalist Solidarity;Revolutionary Internationalist Solidarity;11.09.1975;11.09.1975;Organization
Revolutionary Labor Commandos;Revolutionary Labor Commandos;10.06.1982;10.06.1982;Organization
Revolutionary Leninist Brigades;Revolutionary Leninist Brigades;8.01.2000;8.01.2000;Organization
Revolutionary Liberation Action (Epanastatiki Apelevtherotiki Drasi) - Greece;Revolutionary Liberation Action (Epanastatiki Apelevtherotiki Drasi) - Greece;18.03.2009;27.03.2010;Organization
Revolutionary Militant Left organization;Revolutionary Militant Left organization;31.10.1985;31.10.1985;Organization
Revolutionary Movement;Revolutionary Movement;17.03.1989;17.03.1989;Organization
Revolutionary Nationalist Movement;Revolutionary Nationalist Movement;5.10.1980;5.10.1980;Organization
Revolutionary Nuclei;Revolutionary Nuclei;26.12.1996;12.11.2000;Organization
Revolutionary Organization of People in Arms (ORPA);Revolutionary Organization of People in Arms (ORPA);14.07.1986;14.07.1986;Organization
Revolutionary Organization of Socialist Muslims;Revolutionary Organization of Socialist Muslims;28.03.1984;25.09.1985;Organization
Revolutionary Peoples Army;Revolutionary Peoples Army;4.12.1973;26.12.1973;Organization
Revolutionary People's Struggle (ELA);Revolutionary People's Struggle (ELA);27.02.1976;20.06.1995;Organization
Revolutionary Popular Left;Revolutionary Popular Left;16.09.1980;15.11.1996;Organization
Revolutionary Proletarian Initiative Nuclei (NIPR);Revolutionary Proletarian Initiative Nuclei (NIPR);6.07.2000;10.04.2001;Organization
Revolutionary Road;Revolutionary Road;5.10.1979;5.10.1979;Organization
Revolutionary Solidarity;Revolutionary Solidarity;13.04.1983;19.02.1990;Organization
Revolutionary Struggle;Revolutionary Struggle;19.10.1997;28.03.2015;Organization
Revolutionary Violence Units;Revolutionary Violence Units;18.04.2001;18.04.2001;Organization
Rezi Rezai International Brigades;Rezi Rezai International Brigades;2.11.1976;2.11.1976;Organization
Rightist supporters of Democratic Alliance;Rightist supporters of Democratic Alliance;6.10.1980;6.10.1980;Organization
Right-Wing National Youth Front;Right-Wing National Youth Front;26.04.1980;26.04.1980;Organization
Robin Food;Robin Food;16.11.1998;26.02.1999;Organization
ROSADO-SOTO Command;ROSADO-SOTO Command;10.02.1979;10.02.1979;Organization
Rote Zora;Rote Zora;29.04.1977;17.07.1995;Organization
Rubicon (Rouvikonas);Rubicon (Rouvikonas);14.09.2015;16.01.2020;Organization
RVA;RVA;28.04.1974;28.04.1974;Organization
RYF;RYF;6.04.1971;27.07.1971;Organization
S. O. S. France;S. O. S. France;19.08.1986;19.08.1986;Organization
Sardinian Autonomy Movement;Sardinian Autonomy Movement;5.07.2002;5.07.2002;Organization
Save Our Israel Land;Save Our Israel Land;16.05.1976;24.10.1976;Organization
Scheutzen group;Scheutzen group;24.05.1984;24.05.1984;Organization
Schiedam Youth Front;Schiedam Youth Front;10.08.1986;10.08.1986;Organization
Scottish National Liberation Army;Scottish National Liberation Army;28.06.1983;1.03.2002;Organization
Scottish Socialist Republican League;Scottish Socialist Republican League;8.01.1981;8.01.1981;Organization
Sea Shepherd Conservation Society;Sea Shepherd Conservation Society;11.11.1986;11.11.1986;Organization
Seattle Liberation Front;Seattle Liberation Front;3.07.1970;3.07.1970;Organization
Secret Army Organization;Secret Army Organization;6.01.1972;19.06.1972;Organization
Secret Cuban Government;Secret Cuban Government;30.03.1971;24.07.1973;Organization
Secret Organization Zero;Secret Organization Zero;13.04.1974;31.10.1975;Organization
Sect of Revolutionaries (Greece);Sect of Revolutionaries (Greece);17.02.2009;19.07.2010;Organization
Self-Defense Against All Authority;Self-Defense Against All Authority;25.04.1980;25.04.1980;Organization
Shield Wall Network (SWN);Shield Wall Network (SWN);20.06.2019;20.06.2019;Organization
Shooters of the Nest;Shooters of the Nest;31.05.2020;31.05.2020;Organization
Shutdown G20: Take Hamburg offline!;Shutdown G20: Take Hamburg offline!;19.06.2017;19.06.2017;Organization
Sisters in Arms;Sisters in Arms;27.03.2010;27.03.2010;Organization
Sixth of March Group;Sixth of March Group;6.03.1975;6.03.1975;Organization
Social Resistance;Social Resistance;5.12.1988;27.03.1990;Organization
Socialist Patients' Collective (SPK);Socialist Patients' Collective (SPK);31.12.1970;10.03.1971;Organization
Socialist Revolutionary Brigade;Socialist Revolutionary Brigade;14.01.1989;14.01.1989;Organization
Soldiers of the Algerian Opposition;Soldiers of the Algerian Opposition;18.08.1975;18.08.1975;Organization
Soldiers of Truth;Soldiers of Truth;11.12.1988;4.10.1989;Organization
Solidarist Resistance Movement;Solidarist Resistance Movement;17.06.1977;17.06.1977;Organization
Solidarity with imprisoned members of Action Directe (AD);Solidarity with imprisoned members of Action Directe (AD);25.02.2006;25.02.2006;Organization
Sons of Liberty;Sons of Liberty;15.11.1971;15.12.1971;Organization
Sons of the Gestapo;Sons of the Gestapo;9.10.1995;9.10.1995;Organization
South East Antrim Brigade;South East Antrim Brigade;29.05.2016;27.11.2018;Organization
South Londonderry Volunteers (SLV);South Londonderry Volunteers (SLV);22.08.2001;22.08.2001;Organization
Southern Nucleus of Communist Counterpower;Southern Nucleus of Communist Counterpower;11.01.1978;11.01.1978;Organization
Sovereign Citizen;Sovereign Citizen;18.06.2012;6.06.2014;Organization
Spain;Spain;1.01.1970;10.12.2020;Country
Spanish Basque Battalion (BBE) (rightist);Spanish Basque Battalion (BBE) (rightist);21.12.1978;23.04.1981;Organization
Spanish National Action;Spanish National Action;2.08.1979;14.09.1979;Organization
St Patrick's Survivors group;St Patrick's Survivors group;19.09.2019;19.09.2019;Organization
Stop the War Coalition;Stop the War Coalition;9.05.1970;9.05.1970;Organization
Students for a Democratic Society;Students for a Democratic Society;7.05.1971;31.10.1971;Organization
Students for a Democratic Society (SDS) (German);Students for a Democratic Society (SDS) (German);8.10.1970;8.10.1970;Organization
Students For Insurrection;Students For Insurrection;8.08.2013;8.08.2013;Organization
Sudtiroler Volkspartei-south tyrol people's party;Sudtiroler Volkspartei-south tyrol people's party;17.05.1988;17.05.1988;Organization
Suicide Squad;Suicide Squad;14.11.1986;14.11.1986;Organization
Support of Ocalan-The Hawks of Thrace;Support of Ocalan-The Hawks of Thrace;8.02.1999;8.02.1999;Organization
Supporters of Right and Freedom;Supporters of Right and Freedom;12.09.1986;12.09.1986;Organization
Survivors of Golfech;Survivors of Golfech;14.11.1981;3.06.1982;Organization
Survivors of Hama;Survivors of Hama;16.12.1989;16.12.1989;Organization
Symbionese Liberation Army (SLA);Symbionese Liberation Army (SLA);6.11.1973;21.04.1975;Organization
Syrian Battle Front;Syrian Battle Front;26.10.1983;26.10.1983;Organization
Syrian Democratic Forces (SDF);Syrian Democratic Forces (SDF);17.02.2018;17.02.2018;Organization
Syrian Mujahideen;Syrian Mujahideen;7.10.1987;7.10.1987;Organization
Tehrik-i-Taliban Pakistan (TTP);Tehrik-i-Taliban Pakistan (TTP);1.05.2010;1.05.2010;Organization
Terra Lliure;Terra Lliure;21.08.1982;29.06.1992;Organization
Territorial Anti-Fascist Patrols;Territorial Anti-Fascist Patrols;8.03.1980;8.03.1980;Organization
Territorial Armed Groups for Communism;Territorial Armed Groups for Communism;24.04.1980;24.04.1980;Organization
Territorial Cells for Boycotting the Elections;Territorial Cells for Boycotting the Elections;21.05.1979;21.05.1979;Organization
Territorial Communist Command;Territorial Communist Command;15.05.1979;15.05.1979;Organization
Territorial Communist Units;Territorial Communist Units;28.08.1977;28.08.1977;Organization
Territorial Patrols of Anti-Fascist Vigilance;Territorial Patrols of Anti-Fascist Vigilance;31.12.1980;31.12.1980;Organization
Territorial Resistance Army;Territorial Resistance Army;16.06.1979;23.08.1979;Organization
The Armed Secret Organization;The Armed Secret Organization;21.02.1981;21.02.1981;Organization
The Call of Jesus Christ;The Call of Jesus Christ;13.11.1986;13.11.1986;Organization
The Children of the Fire Initiative;The Children of the Fire Initiative;11.07.2019;12.10.2020;Organization
The Defense Command of the French People and the Motherland (CDPPF);The Defense Command of the French People and the Motherland (CDPPF);13.09.2017;26.09.2017;Organization
The Illegal Fisherman of the Night;The Illegal Fisherman of the Night;11.08.1986;11.08.1986;Organization
The Independent Military Wing of the Syrian Revolution Abroad;The Independent Military Wing of the Syrian Revolution Abroad;19.12.2016;19.12.2016;Organization
The Irish Volunteers;The Irish Volunteers;26.09.2014;26.09.2014;Organization
The Jewish Execution with Silence;The Jewish Execution with Silence;13.06.1979;13.06.1979;Organization
The Justice Department;The Justice Department;1.08.1999;18.01.2014;Organization
The New Irish Republican Army;The New Irish Republican Army;25.10.2012;9.09.2019;Organization
The Nocturnals;The Nocturnals;21.09.2017;21.09.2017;Organization
The Order (Silent Brotherhood);The Order (Silent Brotherhood);28.10.1983;19.07.1984;Organization
The Order II (Bruder Schweigen Strike Force II);The Order II (Bruder Schweigen Strike Force II);6.03.1986;16.09.1986;Organization
The Ordinary Men;The Ordinary Men;10.07.1985;10.07.1985;Organization
The Scorpion;The Scorpion;10.05.1975;10.05.1975;Organization
The Third Way (Der III. Weg);The Third Way (Der III. Weg);15.07.2015;15.07.2015;Organization
The Unit of the Chemical Weapons Martyrs;The Unit of the Chemical Weapons Martyrs;17.10.1989;17.10.1989;Organization
The War That Was Never Declared;The War That Was Never Declared;21.03.2003;21.03.2003;Organization
The World United Formosans for Independence (WUFI);The World United Formosans for Independence (WUFI);24.04.1970;24.04.1970;Organization
Thomas Muenzer Wild Band;Thomas Muenzer Wild Band;29.03.1991;29.03.1991;Organization
Thunder of Zion;Thunder of Zion;1.09.1981;1.09.1981;Organization
Tonino Micciche Workers Nucleus;Tonino Micciche Workers Nucleus;21.09.1977;21.09.1977;Organization
Tontons Macoutes;Tontons Macoutes;18.02.1991;7.05.1991;Organization
Tribal Thumb;Tribal Thumb;8.06.1975;8.06.1975;Organization
Turkey;Turkey;1.01.1970;10.12.2020;Country
Turkish Communist Party/Marxist (TKP-ML);Turkish Communist Party/Marxist (TKP-ML);23.02.1990;9.08.2015;Organization
Turkish Communist Workers Party;Turkish Communist Workers Party;26.03.1991;5.05.1992;Organization
Turkish Hezbollah;Turkish Hezbollah;6.08.1992;24.01.2001;Organization
Turkish Islamic Commandos;Turkish Islamic Commandos;7.03.1990;7.03.1990;Organization
Turkish Islamic Jihad;Turkish Islamic Jihad;28.10.1991;28.10.1991;Organization
Turkish People's Liberation Army;Turkish People's Liberation Army;31.08.1970;5.03.1980;Organization
Turkish People's Liberation Front (TPLF)(THKP-C);Turkish People's Liberation Front (TPLF)(THKP-C);2.10.1970;27.03.1991;Organization
Turks of Western Thrace;Turks of Western Thrace;16.08.1994;16.08.1994;Organization
Tyrolean Defense League;Tyrolean Defense League;11.09.1979;11.09.1979;Organization
Ukrainian Liberation Front;Ukrainian Liberation Front;11.11.1980;11.11.1980;Organization
Ulster Freedom Fighters (UFF);Ulster Freedom Fighters (UFF);26.03.1972;24.11.2020;Organization
Ulster Volunteer Force (UVF);Ulster Volunteer Force (UVF);27.06.1970;11.09.2017;Organization
Union Du People Corse;Union Du People Corse;9.01.1980;9.01.1980;Organization
Union of Revolutionary Communists in Turkey (TIKB);Union of Revolutionary Communists in Turkey (TIKB);28.09.1999;28.09.1999;Organization
Union of Young Kurdish Revolutionaries;Union of Young Kurdish Revolutionaries;26.08.1992;26.08.1992;Organization
Unione di u Populu Corsu (UPC);Unione di u Populu Corsu (UPC);5.01.1980;5.01.1980;Organization
United Aryan Empire;United Aryan Empire;23.11.2014;23.11.2014;Organization
United Constitutional Patriots;United Constitutional Patriots;18.04.2019;18.04.2019;Organization
United Freedom Front (UFF);United Freedom Front (UFF);4.10.1975;26.09.1984;Organization
United Jewish Underground;United Jewish Underground;21.12.1982;21.12.1982;Organization
United Kingdom;United Kingdom;1.01.1970;10.12.2020;Country
United Liberation Front for the New Algeria;United Liberation Front for the New Algeria;22.02.1976;22.02.1976;Organization
United States;United States;1.01.1970;10.12.2020;Country
Universal Liberation Front;Universal Liberation Front;5.10.1977;10.10.1977;Organization
Universal Proutist Revolutionary Federation;Universal Proutist Revolutionary Federation;20.10.1977;29.11.1977;Organization
Unrepentant Anarchists;Unrepentant Anarchists;8.08.2016;8.08.2016;Organization
Unsubordinated Desires;Unsubordinated Desires;16.07.2013;16.07.2013;Organization
Up the IRS, Inc;Up the IRS, Inc;3.03.1986;1.04.1991;Organization
Urban Guerrilla War;Urban Guerrilla War;25.02.2012;25.02.2012;Organization
Veterans United for Non-Religious Memorials;Veterans United for Non-Religious Memorials;22.08.2013;3.09.2013;Organization
Vietnamese Organization to Exterminate Communists and Restore the Nation;Vietnamese Organization to Exterminate Communists and Restore the Nation;2.08.1982;7.08.1987;Organization
Vulkangruppe NetzHerrschaft zerreissen;Vulkangruppe NetzHerrschaft zerreissen;26.03.2018;14.04.2020;Organization
Vyborg Brigade;Vyborg Brigade;15.08.1977;15.08.1977;Organization
Weather Underground, Weathermen;Weather Underground, Weathermen;1.01.1970;5.09.1975;Organization
Wehrsportgruppe Hoffmann;Wehrsportgruppe Hoffmann;26.09.1980;26.09.1980;Organization
White Panther Party;White Panther Party;10.08.1970;10.08.1970;Organization
White Rabbit Three Percent Illinois Patriot Freedom Fighters Militia;White Rabbit Three Percent Illinois Patriot Freedom Fighters Militia;5.08.2017;7.11.2017;Organization
Wild Cats;Wild Cats;13.03.1979;13.03.1979;Organization
Wild Freedom;Wild Freedom;20.01.2013;20.01.2013;Organization
Wild Geese of the Cities;Wild Geese of the Cities;16.10.1985;16.10.1985;Organization
Wild Individualities;Wild Individualities;23.03.2017;18.07.2017;Organization
Worker Autonomy, Continuous Struggle;Worker Autonomy, Continuous Struggle;12.12.1977;12.12.1977;Organization
Worker Counterpower;Worker Counterpower;14.07.1977;16.07.1977;Organization
Worker's Brigade;Worker's Brigade;8.02.1985;8.02.1985;Organization
Workers Brigade for Communism;Workers Brigade for Communism;15.07.1981;15.07.1981;Organization
Workers' Organization for Communism;Workers' Organization for Communism;19.12.1978;29.02.1980;Organization
Workers Power;Workers Power;15.11.1976;15.11.1976;Organization
World Church of the Creator;World Church of the Creator;2.07.1999;4.07.1999;Organization
Yellow Organization of Air Force Officers;Yellow Organization of Air Force Officers;8.02.1984;8.02.1984;Organization
Young Cuba;Young Cuba;29.03.1972;4.04.1972;Organization
Youth Action Group;Youth Action Group;15.12.1974;25.10.1976;Organization
Youth of the Star;Youth of the Star;20.10.1975;20.10.1975;Organization
Zebra killers;Zebra killers;20.10.1973;16.04.1974;Organization
Zero Tolerance;Zero Tolerance;27.07.2009;15.01.2015;Organization
Zouaves Paris (ZVP);Zouaves Paris (ZVP);4.06.2020;4.06.2020;Organization
